,FileName,Folder,Edges,Nodes,Density,Avg. Path Length,Assortativity,Diameter,Transitivity,Min. Degree,Avg. Degree,Max. Degree,Time
0,zachary_unwh.net,real,78,34,0.139,2.4082,-0.4756,5,0.5879,1,4.5882,17,0.00940084457397461
1,dolphins.net,real,159,62,0.0841,3.357,-0.0436,8,0.3029,1,5.129,12,0.0026099681854248047
2,airports_UW.net,real,14142,3618,0.0022,4.4396,0.0462,17,0.6228,1,7.8176,250,1.9383108615875244
3,PGP.net,real,24340,10680,0.0004,7.4855,0.2395,24,0.4403,1,4.5581,206,15.157508850097656
